{
  "source": "MapBiomas Collection 10 (integration)",
  "year_end": 2024,
  "scale_used": 300,
  "cnt": {
    "A": 9.354230362455873,
    "B": -0.10787828203383074,
    "C": 0.32220547870818267
  },
  "indices": {
    "IBI": 23.506276941986563,
    "HID": 1.0292894095230138,
    "PAN": 11.65421125319566,
    "ENT": 32.220547870818266,
    "IBE": null,
    "IAB": null
  },
  "series_10y": [
    10.29756422078238,
    10.259071061247473,
    10.23932962432941,
    10.195850241721415,
    10.1097886811246,
    10.007702056696704,
    9.853563124806309,
    9.679913739193177,
    9.489944716991884,
    9.354230362455873
  ]
}
